givenName,additionalName,familyName
Richard ,Lloyd ,Anderson
Mark ,,Ashurst-McGee
Dale ,R ,Broadhurst
Richard ,Lyman ,Bushman
Todd ,M. ,Compton
Karen ,Lynn ,Davidson
John ,,Dehlin
John ,S. ,Dinger
Gerrit ,J. ,Dirkmaat
Ronald ,K. ,Esplin
Matthew ,C. ,Godfrey
Matthew ,J. ,Grow
Brian ,C ,Hales
Laura ,H. ,Hales
William ,G. ,Hartley
Andrew ,H. ,Hedges
Richard ,L. ,Jensen
Dean ,,Jessee
Michael ,Hubbard ,MacKay
Benjamin ,E ,Park
Max ,H. ,Parkin
Brenden ,W. ,Rensink
Brent ,M. ,Rogers
Alex ,D. ,Smith
George ,D. ,Smith
Grant ,,Underwood
Dan ,,Vogel
David ,J. ,Whittaker
Robert ,J. ,Woodford
Larry ,E. ,Morris
Robert ,Bruce ,Flanders
William ,L. ,Davis
Linda ,King ,Newell
Valeen ,Tippetts ,Avery
D. ,Michael ,Quinn
Lucy ,Mack ,Smith
H. ,Michael ,Marquardt
Wesley ,P. ,Walters